<?xml version="1.0" encoding="ISO-8859-1"?>
<root>
	<item id="Title"><![CDATA[Discuz! Plugin]]></item>
	<item id="Data">
		<item id="plugin">
			<item id="available"><![CDATA[1]]></item>
			<item id="adminid"><![CDATA[1]]></item>
			<item id="name"><![CDATA[QQ互联]]></item>
			<item id="identifier"><![CDATA[qqconnect]]></item>
			<item id="description"><![CDATA[]]></item>
			<item id="datatables"><![CDATA[]]></item>
			<item id="directory"><![CDATA[qqconnect/]]></item>
			<item id="copyright"><![CDATA[Comsenz Inc.]]></item>
			<item id="version"><![CDATA[2.0]]></item>
			<item id="__modules">
				<item id="0">
					<item id="name"><![CDATA[connect]]></item>
					<item id="param"><![CDATA[]]></item>
					<item id="menu"><![CDATA[]]></item>
					<item id="url"><![CDATA[]]></item>
					<item id="type"><![CDATA[11]]></item>
					<item id="adminid"><![CDATA[0]]></item>
					<item id="displayorder"><![CDATA[0]]></item>
					<item id="navtitle"><![CDATA[]]></item>
					<item id="navicon"><![CDATA[]]></item>
					<item id="navsubname"><![CDATA[]]></item>
					<item id="navsuburl"><![CDATA[]]></item>
				</item>
				<item id="1">
					<item id="name"><![CDATA[connect]]></item>
					<item id="param"><![CDATA[]]></item>
					<item id="menu"><![CDATA[]]></item>
					<item id="url"><![CDATA[]]></item>
					<item id="type"><![CDATA[28]]></item>
					<item id="adminid"><![CDATA[0]]></item>
					<item id="displayorder"><![CDATA[0]]></item>
					<item id="navtitle"><![CDATA[]]></item>
					<item id="navicon"><![CDATA[]]></item>
					<item id="navsubname"><![CDATA[]]></item>
					<item id="navsuburl"><![CDATA[]]></item>
				</item>
				<item id="2">
					<item id="name"><![CDATA[admincp]]></item>
					<item id="param"><![CDATA[ac=setting]]></item>
					<item id="menu"><![CDATA[设置]]></item>
					<item id="url"><![CDATA[]]></item>
					<item id="type"><![CDATA[3]]></item>
					<item id="adminid"><![CDATA[0]]></item>
					<item id="displayorder"><![CDATA[0]]></item>
					<item id="navtitle"><![CDATA[]]></item>
					<item id="navicon"><![CDATA[]]></item>
					<item id="navsubname"><![CDATA[]]></item>
					<item id="navsuburl"><![CDATA[]]></item>
				</item>
				<item id="3">
					<item id="name"><![CDATA[spacecp]]></item>
					<item id="param"><![CDATA[]]></item>
					<item id="menu"><![CDATA[QQ绑定]]></item>
					<item id="url"><![CDATA[]]></item>
					<item id="type"><![CDATA[7]]></item>
					<item id="adminid"><![CDATA[0]]></item>
					<item id="displayorder"><![CDATA[1]]></item>
					<item id="navtitle"><![CDATA[]]></item>
					<item id="navicon"><![CDATA[]]></item>
					<item id="navsubname"><![CDATA[]]></item>
					<item id="navsuburl"><![CDATA[]]></item>
				</item>
			</item>
		</item>
		<item id="version"><![CDATA[X3.2,X3.3,X3.4]]></item>
		<item id="installfile"><![CDATA[install.php]]></item>
		<item id="upgradefile"><![CDATA[upgrade.php]]></item>		
		<item id="language">
			<item id="scriptlang">
				<item id="qqconnect_closed"><![CDATA[抱歉，QQ互联功能尚未开启]]></item>
				<item id="connect_appid_desc"><![CDATA[请填写在QQ互联(connect.qq.com)申请的 appid 和 appkey]]></item>
				<item id="connect_app_invalid"><![CDATA[抱歉，QQ互联功能暂时不可用]]></item>
				<item id="connect_register_bind_already"><![CDATA[抱歉，该用户已绑定过另一个QQ用户，无法再次绑定]]></item>
				<item id="connect_register_uinlimit"><![CDATA[抱歉，每个QQ帐号只能注册 {limit} 个帐号]]></item>
				<item id="connect_register_closed"><![CDATA[QQ注册功能已关闭]]></item>
				<item id="connect_register_bind"><![CDATA[绑定已有帐号]]></item>
				<item id="connect_register_profile"><![CDATA[完善帐号信息]]></item>
                <item id="connect_get_access_token_failed"><![CDATA[抱歉，当前存在网络问题或服务器繁忙，请您稍候再试。谢谢。]]></item>
				<item id="connect_get_access_token_failed_code"><![CDATA[抱歉，当前存在网络问题或服务器繁忙，详细错误：{codeMessage}，错误代码：<a target=_blank href="http://wiki.opensns.qq.com/wiki/%E3%80%90QQ%E7%99%BB%E5%BD%95%E3%80%91%E5%85%AC%E5%85%B1%E8%BF%94%E5%9B%9E%E7%A0%81%E8%AF%B4%E6%98%8E">{code}</a>，请您稍候再试。谢谢。]]></item>
				<item id="connect_get_request_token_failed"><![CDATA[抱歉，当前存在网络问题或服务器繁忙，请您稍候再试。谢谢。]]></item>
                <item id="connect_get_request_token_failed_code"><![CDATA[抱歉，当前存在网络问题或服务器繁忙，详细错误：{codeMessage}，错误代码：<a target=_blank href="http://wiki.opensns.qq.com/wiki/%E3%80%90QQ%E7%99%BB%E5%BD%95%E3%80%91%E5%85%AC%E5%85%B1%E8%BF%94%E5%9B%9E%E7%A0%81%E8%AF%B4%E6%98%8E">{code}</a>，请您稍候再试。谢谢。]]></item>
				<item id="connect_register_bind_uin_already"><![CDATA[抱歉，该QQ用户已绑定了本站的另一个用户，无法再次绑定]]></item>
				<item id="connect_config_success"><![CDATA[QQ互联设置更新成功]]></item>
				<item id="connect_login_first"><![CDATA[请先使用QQ互联登录再进行此操作]]></item>
				<item id="connect_config_unbind_failed"><![CDATA[抱歉，解绑失败，请重试使用QQ登录后再进行解绑操作]]></item>
                <item id="connect_config_unbind_busy"><![CDATA[抱歉，当前存在网络问题或服务器繁忙，请您稍候再尝试解绑。谢谢。]]></item>
				<item id="connect_config_unbind_busy_code"><![CDATA[抱歉，当前存在网络问题或服务器繁忙，详细错误：{codeMessage}，错误代码：<a target=_blank href="http://wiki.opensns.qq.com/wiki/%E3%80%90QQ%E7%99%BB%E5%BD%95%E3%80%91%E5%85%AC%E5%85%B1%E8%BF%94%E5%9B%9E%E7%A0%81%E8%AF%B4%E6%98%8E">{code}</a>，请您稍候再尝试解绑。谢谢。]]></item>
				<item id="connect_config_unbind_success"><![CDATA[您的论坛帐号和QQ帐号解除绑定成功。]]></item>
				<item id="connect_uin_in_blacklist"><![CDATA[抱歉，此QQ帐号已被本站屏蔽，您可以<a href="{changeqqurl}">更换其他QQ账号登录</a>]]></item>
				<item id="connect_reauth_success"><![CDATA[QQ互联授权修改成功]]></item>
				<item id="connect_register_bind_success"><![CDATA[您的帐号与QQ帐号绑定成功]]></item>
				<item id="connect_register_bind_need_inactive"><![CDATA[抱歉，您的帐号尚未激活，请先激活后再绑定QQ帐号]]></item>
				<item id="connect_qqshow_open"><![CDATA[设置成功，您已在社区使用QQ秀形象]]></item>
				<item id="connect_qqshow_close"><![CDATA[设置成功，您已取消在社区使用QQ秀形象]]></item>
				<item id="connect_reply_filter_smiley"><![CDATA[/微笑 /撇嘴 /色 /发呆 /得意 /流泪 /害羞 /闭嘴 /睡 /大哭 /尴尬 /发怒 /调皮 /呲牙 /惊讶 /难过 /酷 /冷汗 /抓狂 /吐 /偷笑 /可爱 /白眼 /傲慢 /饥饿 /困 /惊恐 /流汗 /憨笑 /大兵 /奋斗 /咒骂 /疑问 /嘘 /晕 /折磨 /衰 /骷髅 /敲打 /再见 /擦汗 /抠鼻 /鼓掌 /糗大了 /坏笑 /左哼哼 /右哼哼 /哈欠 /鄙视 /委屈 /快哭了 /阴险 /亲亲 /吓 /可怜 /菜刀 /西瓜 /啤酒 /篮球 /乒乓 /咖啡 /饭 /猪头 /玫瑰 /凋谢 /示爱 /爱心 /心碎 /蛋糕 /闪电 /炸弹 /刀 /足球 /瓢虫 /便便 /月亮 /太阳 /礼物 /拥抱 /强 /弱 /握手 /胜利 /抱拳 /勾引 /拳头 /差劲 /爱你 /NO /OK /爱情 /飞吻 /跳跳 /发抖 /怄火 /转圈 /磕头 /回头 /跳绳 /挥手 /激动 /街舞 /献吻 /左太极 /右太极]]></item>
				<item id="connect_register_mobile_bind_error"><![CDATA[您需要在电脑版完善资料或绑定已有帐号，才能继续本操作]]></item>
				<item id="connect_broadcast_success"><![CDATA[转播成功]]></item>
				<item id="connect_feed_sync_success"><![CDATA[同步发 Feed 成功]]></item>
				<item id="connect_share_token_outofdate"><![CDATA[为了您的账号安全，请使用QQ帐号重新登录，将为您升级帐号安全机制<br/><br/>点击<a href={login_url}><img src=static/image/common/qq_login.gif class=vm alt=QQ登录 /></a>页面将发生跳转]]></item>
				<item id="connect_share_success"><![CDATA[分享成功]]></item>
				<item id="connect_qzone_share_same_url"><![CDATA[该帖子您已经分享过，不需要重复分享]]></item>
				<item id="connect_qzone_weibo_same_content"><![CDATA[该帖子您已经转播过，不需要重复转播]]></item>
				<item id="connect_weibo_account_not_signup"><![CDATA[抱歉，您还未开通微博账号，无法分享内容，<a href=http://t.qq.com/reg/index.php target=_blank style=color:#336699>点击这里马上开通</a>]]></item>
				<item id="connect_user_unauthorized"><![CDATA[抱歉，您未授权分享主题到QQ空间、腾讯微博和腾讯朋友，点击<a href={login_url}><img src=static/image/common/qq_login.gif class=vm alt=QQ登录 /></a>，马上完善授权]]></item>
				<item id="connect_errlog_server_no_response"><![CDATA[服务器无响应]]></item>
				<item id="connect_tthread_broadcast"><![CDATA[转播微博]]></item>
				<item id="connect_tthread_message"><![CDATA[<br><br><img class="vm" src="static/image/common/weibo.png">&nbsp;<a href="http://t.qq.com/{username}" target="_blank">来自 {nick} 的腾讯微博</a>]]></item>
				<item id="connect_tthread_comment"><![CDATA[微博评论]]></item>
                <item id="connect_server_busy"><![CDATA[抱歉，当前存在网络问题或服务器繁忙，请您稍候再试。谢谢。]]></item>
				<item id="connect_server_busy_code"><![CDATA[抱歉，当前存在网络问题或服务器繁忙，详细错误：{codeMessage}，错误代码：{code}，请您稍候再试。谢谢。]]></item>
				<item id="connectguest_message_complete_or_bind"><![CDATA[抱歉，您尚未 <a href="member.php?mod=connect" class="xi2">完善帐号信息</a> 或 <a href="member.php?mod=connect&ac=bind" class="xi2">绑定已有帐号</a>，无法进行此操作]]></item>
				<item id="connect_error_code_999"><![CDATA[请求失败]]></item>
				<item id="connect_error_code_10001"><![CDATA[QQ 互联 APPID 无效]]></item>
				<item id="connect_error_code_10002"><![CDATA[QQ 互联插件异常，请更新程序后重新安装]]></item>
				<item id="connect_error_code_10003"><![CDATA[QQ 互联插件异常，请更新程序后重新安装]]></item>
				<item id="connect_error_code_10004"><![CDATA[QQ 互联插件异常，请更新程序后重新安装]]></item>
				<item id="connect_error_code_10005"><![CDATA[网站服务器时间误差超过 5 分钟]]></item>
				<item id="connect_error_code_10006"><![CDATA[QQ 互联 APPID 无效]]></item>
				<item id="connect_error_code_11000"><![CDATA[QQ 互联 APPKEY 无效]]></item>
				<item id="connect_error_code_11001"><![CDATA[QQ 互联 APPID 被禁用]]></item>
				<item id="connect_error_code_30001"><![CDATA[QQ 互联 APPID 无效]]></item>
				<item id="connect_error_code_30002"><![CDATA[QQ 互联插件异常，请更新程序后重新安装]]></item>
				<item id="connect_error_code_30003"><![CDATA[QQ 互联插件异常，请更新程序后重新安装]]></item>
				<item id="connect_error_code_30004"><![CDATA[QQ 互联插件异常，请更新程序后重新安装]]></item>
				<item id="connect_error_code_30005"><![CDATA[网站服务器时间误差超过 5 分钟]]></item>
				<item id="connect_error_code_30006"><![CDATA[QQ 互联插件异常，请更新程序后重新安装]]></item>
				<item id="connect_error_code_30007"><![CDATA[QQ 互联插件异常，请更新程序后重新安装]]></item>
				<item id="connect_error_code_30008"><![CDATA[APPID 未注册，请重新开通 QQ 互联服务]]></item>
				<item id="connect_error_code_31000"><![CDATA[QQ 互联插件异常，请更新程序后重新安装]]]></item>
				<item id="connect_error_code_31001"><![CDATA[QQ 互联插件异常，请更新程序后重新安装]]]></item>
				<item id="connect_error_code_31002"><![CDATA[QQ 互联 APPID 被禁用]]></item>
				<item id="connect_feed_iam"><![CDATA[我在]]></item>
				<item id="connect_feed_published_thread"><![CDATA[发表了《{subject}》：]]></item>
				<item id="connect_feed_published_post"><![CDATA[参与了《{subject}》的讨论：]]></item>
				<item id="connect_spacecp_share_a_post"><![CDATA[分享一个好帖#{bbname}#《{subject}》：{message}]]></item>
				<item id="connect_spacecp_share_qq_default"><![CDATA[看看这个吧，还不错哦，也许你会喜欢^_^]]></item>
				<item id="connect_post_sync_method"><![CDATA[将此回复同步到]]></item>
			</item>
			<item id="templatelang">
				<item id="connect_header_login"><![CDATA[QQ登录]]></item>
				<item id="connect_header_login_tip"><![CDATA[只需一步，快速开始]]></item>
				<item id="connect_register_by"><![CDATA[您也可以通过]]></item>
				<item id="connect_or"><![CDATA[或者]]></item>
				<item id="connect_publish_feed"><![CDATA[将此主题发送到QQ空间动态]]></item>
				<item id="connect_publish_t"><![CDATA[将此主题转播到腾讯微博]]></item>
				<item id="connect_register_complete"><![CDATA[完善一点信息，马上开始浏览]]></item>
				<item id="connect_register_bind"><![CDATA[绑定已有帐号]]></item>
				<item id="connect_register_profile"><![CDATA[完善帐号信息]]></item>
				<item id="connect_register_has_id"><![CDATA[已有帐号？]]></item>
				<item id="connect_register_new_username"><![CDATA[输入新用户名]]></item>
				<item id="connect_register_used_usernames"><![CDATA[常用名]]></item>
				<item id="connect_register_available_usernames_count"><![CDATA[个可用]]></item>
				<item id="connect_register_email"><![CDATA[邮箱]]></item>
				<item id="connect_register_birthday"><![CDATA[生日]]></item>
				<item id="connect_register_sex"><![CDATA[性别]]></item>
				<item id="connect_register_noid"><![CDATA[没有帐号？]]></item>
				<item id="connect_register_new"><![CDATA[注册新帐号]]></item>
				<item id="connect_register_avatar"><![CDATA[头像]]></item>
				<item id="connect_register_sex_male"><![CDATA[男]]></item>
				<item id="connect_register_sex_female"><![CDATA[女]]></item>
				<item id="connect_register_sex_secret"><![CDATA[保密]]></item>
				<item id="connect_register_public_email"><![CDATA[公开邮箱地址]]></item>
				<item id="connect_register_use_qzone_avatar"><![CDATA[使用QQ头像]]></item>
				<item id="connect_register_use_qzone_avatar_qqshow"><![CDATA[使用QQ头像和QQ秀]]></item>
				<item id="connect_register_use_qqshow"><![CDATA[<span title="QQ秀将展示在论坛帖子左侧和个人空间首页">使用QQ秀形象</span>]]></item>
				<item id="connect_register_agree"><![CDATA[同意服务条款]]></item>
				<item id="connect_register_must_agree"><![CDATA[您必须同意服务条款后才能注册]]></item>
				<item id="connect_register_finish"><![CDATA[完成，继续浏览]]></item>
				<item id="connect_register_bind_window_button"><![CDATA[绑定帐号]]></item>
				<item id="connect_register_bind_title"><![CDATA[输入已有的本站帐号，将与您的QQ帐号进行绑定]]></item>
				<item id="connect_register_bind_success"><![CDATA[您的帐号与QQ帐号绑定成功]]></item>
				<item id="connect_register_bind_need_inactive"><![CDATA[您的帐号还未激活，请先激活后再绑定QQ帐号]]></item>
				<item id="connect_config"><![CDATA[QQ绑定]]></item>
				<item id="connect_config_bind"><![CDATA[点击按钮，立刻绑定QQ帐号]]></item>
				<item id="connect_config_bindinfo"><![CDATA[您已将本站帐号 <strong>{$_G[member][username]}</strong> 与QQ号码绑定]]></item>
				<item id="connect_config_bind_setting"><![CDATA[绑定设置]]></item>
				<item id="connect_config_title"><![CDATA[使用QQ帐号绑定本站，您可以...]]></item>
				<item id="connect_config_desc_title1"><![CDATA[用QQ帐号轻松登录]]></item>
				<item id="connect_config_desc_content1"><![CDATA[无需记住本站的帐号和密码，随时使用QQ帐号密码轻松登录]]></item>
				<item id="connect_config_newpassword_comment"><![CDATA[您目前使用的是QQ帐号绑定本站，您可以在这里设置独立密码，只有设置了独立密码后本站需要填写密码的相应功能才可使用]]></item>
				<item id="connect_config_desc_title2"><![CDATA[发表主题同时推送到腾讯微博]]></item>
				<item id="connect_config_desc_content2"><![CDATA[将您的论坛主题推送到腾讯微博，让好友全方面了解您]]></item>
				<item id="connect_config_desc_title3"><![CDATA[把本站精彩内容分享到QQ空间、腾讯微博和腾讯朋友]]></item>
				<item id="connect_config_desc_content3"><![CDATA[每一个精彩内容绝不放过，简单快捷的将论坛主题分享给好友和听众]]></item>
				<item id="connect_config_profile"><![CDATA[个人资料]]></item>
				<item id="connect_config_link_name"><![CDATA[QQ绑定设置]]></item>
				<item id="connect_config_default_pulish_feed_title"><![CDATA[发表主题时默认发送动态到QQ空间]]></item>
				<item id="connect_config_default_pulish_t_title"><![CDATA[发表主题和回复时默认转播到腾讯微博]]></item>
				<item id="connect_config_save"><![CDATA[保存设置]]></item>
				<item id="connect_config_newpassword"><![CDATA[为单独登录站点创建登录密码]]></item>
				<item id="connect_config_new_password"><![CDATA[新密码]]></item>
				<item id="connect_config_new_password_confirm"><![CDATA[确认密码]]></item>
				<item id="connect_config_unbind"><![CDATA[解除已绑定帐号？]]></item>
				<item id="connect_config_modify_authorization"><![CDATA[修改本站的授权？]]></item>
				<item id="connect_config_modify_authorization_desc"><![CDATA[您可根据自己的需要随时增加、取消QQ帐号对本站的授权，在确保隐私的前提下使用各项功能和服务。]]></item>
				<item id="connect_config_set_password"><![CDATA[设置本站密码？]]></item>
				<item id="connect_config_sync_post"><![CDATA[同步动态到腾讯微博？]]></item>
				<item id="connect_config_sync_post_desc1"><![CDATA[您的好友或听众能够看到您发表的主题和记录。]]></item>
				<item id="connect_config_sync_post_desc2"><![CDATA[马上完善授权，您将可以把本站精彩内容分享到QQ空间、腾讯微博和腾讯朋友，跟大家分享每个精彩瞬间。]]></item>
				<item id="connect_config_unbind_desc1"><![CDATA[您当前是使用QQ帐号绑定到 {$_G[setting][bbname]}]]></item>
				<item id="connect_config_unbind_desc2"><![CDATA[为了您可以继续使用本站帐号 <strong>$_G[member][username]</strong>，请设置本站登录密码]]></item>
				<item id="connect_config_unbind_desc3"><![CDATA[您确认要解除与本站帐号的绑定关系？]]></item>
				<item id="connect_config_unbind_desc4"><![CDATA[您需要使用QQ帐号登录才能解除帐号绑定关系，请点击<a href="member.php?mod=logging&action=logout&formhash={FORMHASH}" class="xi2">这里退出</a>后]]></item>
				<item id="connect_config_unbind_desc5"><![CDATA[重新使用QQ帐号登录]]></item>
				<item id="connect_config_bind_confirm"><![CDATA[确认解除]]></item>
				<item id="connect_config_password_comment"><![CDATA[登录本站使用]]></item>
				<item id="connect_config_set_password_desc"><![CDATA[因为安全因素考虑，在操作兑换积分、版主管理等行为时需要设置本站密码]]></item>
				<item id="connect_config_qqshow_btn_open"><![CDATA[使用QQ秀形象]]></item>
				<item id="connect_config_qqshow_btn_close"><![CDATA[取 消]]></item>
				<item id="connect_config_qqshow_btn_tips"><![CDATA[免费获取精美QQ秀]]></item>
				<item id="connect_config_qqshow_title"><![CDATA[在社区使用我的QQ秀]]></item>
				<item id="connect_config_qqshow_desc1"><![CDATA[开启后，论坛帖子左侧和个人空间首页将展示您的QQ秀，并且社区内QQ秀形象将随您的QQ秀形象更新而同步变化]]></item>
				<item id="connect_config_qqshow_desc2"><![CDATA[现在使用QQ秀形象免费获取QQ秀大礼包]]></item>
				<item id="connect_config_qqshow_desc3"><![CDATA[您需要绑定QQ帐号才能在社区使用QQ秀形象]]></item>
				<item id="connect_modify_authorization_button"><![CDATA[修改授权]]></item>
				<item id="connect_post_by_readperm"><![CDATA[具有特殊阅读权限帖子无法发送QQ空间动态]]></item>
				<item id="connect_post_by_price"><![CDATA[具有售价的帖子无法发送QQ空间动态]]></item>
				<item id="connect_post_by_invisible_forum"><![CDATA[该板块的帖子无法发送QQ空间动态]]></item>
				<item id="connect_post_unbind"><![CDATA[绑定QQ帐号，轻松分享到QQ空间与腾讯微博]]></item>
				<item id="connect_post_sync_tip"><![CDATA[此主题将同步到腾讯微博，您的听众能够看到您发表的主题。]]></item>
				<item id="connect_post_sync_tip_close"><![CDATA[关闭同步发帖提示]]></item>
				<item id="connect_post_sync_cancel"><![CDATA[暂不同步]]></item>
				<item id="connect_post_sync_cancel_tip"><![CDATA[取消发表主题时同步到腾讯微博，将来您可以到“设置-QQ绑定”页面重新设置。]]></item>
				<item id="connect_post_sync_qzone1"><![CDATA[已设置同步至QQ空间]]></item>
				<item id="connect_post_sync_t1"><![CDATA[已设置同步至腾讯微博]]></item>
				<item id="connect_post_sync_qzone2"><![CDATA[未设置同步至QQ空间]]></item>
				<item id="connect_post_sync_t2"><![CDATA[未设置同步至腾讯微博]]></item>
				<item id="connect_post_sync_yes"><![CDATA[已]]></item>
				<item id="connect_post_sync_no"><![CDATA[未]]></item>
				<item id="connect_post_sync_unauthorized_title"><![CDATA[授权提示]]></item>
				<item id="connect_post_sync_unauthorized_desc"><![CDATA[马上完善授权，您将可以发表主题时同步到QQ空间和腾讯微博，第一时间和大家分享您在论坛中的新鲜事儿。]]></item>
				<item id="connect_access_token_out_of_date_feed"><![CDATA[为了您的账号安全，请使用QQ帐号重新登录，将为您升级帐号安全机制<br/><br/>点击<a href="{$_G[connect][login_url]}"><img src="static/image/common/qq_login.gif" class="vm" alt="QQ登录" /></a>页面将发生跳转，请确保您已保存好帖子数据]]></item>
				<item id="connect_access_token_out_of_date_share"><![CDATA[为了您的账号安全，请使用QQ帐号重新登录，将为您升级帐号安全机制<br/><br/>点击<a href="{$_G[connect][login_url]}"><img src="static/image/common/qq_login.gif" class="vm" alt="QQ登录" /></a>页面将发生跳转]]></item>
				<item id="connect_access_token_outofdate_button"><![CDATA[我知道了]]></item>
				<item id="connect_post_sync_not_bind_desc"><![CDATA[马上绑定QQ账号，您将可以发表主题时同步到QQ空间和腾讯微博，第一时间和大家分享您在论坛中的新鲜事儿。]]></item>
				<item id="connect_viewthread_share_to_qzone"><![CDATA[QQ空间]]></item>
				<item id="connect_viewthread_share_to_t"><![CDATA[腾讯微博]]></item>
				<item id="connect_viewthread_share_to_qq"><![CDATA[QQ好友和群]]></item>
				<item id="connect_viewthread_share_to_pengyou"><![CDATA[腾讯朋友]]></item>
				<item id="connect_createpassword"><![CDATA[<b>创建密码</b>]]></item>
				<item id="connect_uin_limit"><![CDATA[您的QQ帐号在本站注册的帐号数量达到上限，请绑定已有帐号，或<a href="{$change_qq_url}">更换其他QQ账号</a>]]></item>
				<item id="connect_thread_id_miss"><![CDATA[帖子id不存在]]></item>
				<item id="connect_get_request_token_failed"><![CDATA[服务器繁忙，请稍后再试。]]></item>
				<item id="connect_get_access_token_failed"><![CDATA[服务器繁忙，请稍后再试。]]></item>
				<item id="connect_spacecp_qzone_to"><![CDATA[分享到QQ空间]]></item>
				<item id="connect_spacecp_pengyou_to"><![CDATA[分享到腾讯朋友]]></item>
				<item id="connect_spacecp_qzone_subject"><![CDATA[分享标题]]></item>
				<item id="connect_spacecp_qzone_reason"><![CDATA[分享理由]]></item>
				<item id="connect_spacecp_qzone_picture"><![CDATA[分享图片]]></item>
				<item id="connect_spacecp_qzone_cancel_picture"><![CDATA[取消分享图片]]></item>
				<item id="connect_spacecp_qzone_select_picture"><![CDATA[分享图片]]></item>
				<item id="connect_spacecp_qzone_to_friend"><![CDATA[分享给好友]]></item>
				<item id="connect_spacecp_qzone_reason_default"><![CDATA[可以在这里输入分享原因或详细内容]]></item>
				<item id="connect_spacecp_qzone_space"><![CDATA[　]]></item>
				<item id="connect_spacecp_qzone_subject_is_empty"><![CDATA[请输入分享标题]]></item>
				<item id="connect_spacecp_qzone_subject_is_long"><![CDATA[分享标题超过了长度限制]]></item>
				<item id="connect_spacecp_qzone_reason_is_long"><![CDATA[分享理由超过了长度限制]]></item>
				<item id="connect_share_unauthorized"><![CDATA[独乐乐不如众乐乐，马上完善授权，您将可以把本站精彩内容分享到QQ空间、腾讯微博和腾讯朋友，跟大家分享每个精彩瞬间。]]></item>
				<item id="connect_share_unbind"><![CDATA[很抱歉，由于分享功能升级，您需要使用QQ帐号重新登录本站，即可马上体验全新的分享到QQ空间、腾讯微博和腾讯朋友功能。<br /><span style="font-size: 12px;">提示：点击<a href="member.php?mod=logging&action=logout&formhash={FORMHASH}" class="xi2">这里退出</a>后，重新使用QQ账号登录。</span>]]></item>
				<item id="connect_share_unbind_know_button"><![CDATA[我知道了]]></item>
				<item id="connect_spacecp_weibo_to"><![CDATA[转播到腾讯微博]]></item>
				<item id="connect_spacecp_weibo_input"><![CDATA[还能输入<strong id="checklen"></strong>字]]></item>
				<item id="connect_spacecp_weibo_input_over"><![CDATA[超出<strong id="checklen" style="color:#E56C0A;"></strong>字]]></item>
				<item id="connect_spacecp_weibo_reason"><![CDATA[微博内容]]></item>
				<item id="connect_spacecp_weibo_share"><![CDATA[转播]]></item>
				<item id="connect_spacecp_weibo_reason_is_long"><![CDATA[微博内容超过了长度限制]]></item>
				<item id="connect_spacecp_weibo_reason_is_short"><![CDATA[请输入您要转播的微博内容]]></item>
				<item id="connect_member_register_tip"><![CDATA[完善帐号信息可体验本站更多功能]]></item>
				<item id="connect_member_loginbind_tip"><![CDATA[绑定已有帐号可使用QQ帐号快速登录本站]]></item>
				<item id="connect_member_register_button_tip"><![CDATA[体验本站更多功能]]></item>
				<item id="connect_member_loginbind_button_tip"><![CDATA[使用QQ帐号快速登录本站]]></item>
				<item id="connect_wbsign_no_account"><![CDATA[网络繁忙，暂时无法使用腾讯微博签名档功能]]></item>
				<item id="connect_wbsign_no_bind"><![CDATA[您需要绑定QQ帐号，才可使用腾讯微博签名档功能]]></item>
				<item id="connect_wbsign_tip"><![CDATA[插入腾讯微博做为论坛签名，可第一时间将您的微博最新信息展示给本站的会员和游客]]></item>
				<item id="connect_mobile_login"><![CDATA[使用QQ帐号登录]]></item>
			</item>
			<item id="installlang">
				<item id="connect_guest_group_name"><![CDATA[QQ游客]]></item>
			</item>
		</item>
	</item>
</root>